timestamp,vibration_mm_s,temperature_c,pressure_bar,flow_lpm,motor_current_a
2026-09-18 00:00:00,2.4,42.1,4.9,328,18.6
2026-09-18 02:00:00,2.6,42.8,4.8,331,18.9
2026-09-18 04:00:00,2.5,41.9,5.0,325,18.4
2026-09-18 06:00:00,2.8,43.4,4.9,322,19.1
2026-09-18 08:00:00,3.1,46.2,5.1,318,19.8
2026-09-18 10:00:00,3.4,48.0,5.0,315,20.4
2026-09-18 12:00:00,3.6,49.1,4.8,312,20.7
2026-09-18 14:00:00,3.3,47.6,4.9,320,20.1
2026-09-18 16:00:00,3.0,45.8,5.0,326,19.5
2026-09-18 18:00:00,2.7,44.2,5.1,330,18.8
2026-09-18 20:00:00,2.5,43.0,5.0,333,18.5
2026-09-18 22:00:00,2.4,42.4,4.9,329,18.3
2026-09-19 00:00:00,2.6,42.7,4.8,327,18.7
2026-09-19 02:00:00,2.9,44.1,4.7,321,19.2
2026-09-19 04:00:00,3.2,45.5,4.8,317,19.6
2026-09-19 06:00:00,3.8,49.8,4.6,308,21.2
2026-09-19 08:00:00,4.4,54.2,4.5,301,22.4
2026-09-19 10:00:00,5.1,58.6,4.3,292,23.8
2026-09-19 12:00:00,6.4,66.1,4.1,274,26.1
2026-09-19 14:00:00,9.8,76.4,3.2,188,31.4
2026-09-19 16:00:00,8.6,73.2,3.4,196,29.7
2026-09-19 18:00:00,5.7,61.0,4.0,255,24.6
2026-09-19 20:00:00,4.1,52.4,4.6,298,21.8
2026-09-19 22:00:00,3.2,47.1,4.9,319,19.9
